NAME,disease_ontology_label,Min_Value,cell_name1,cell_name2,cell_name3,cell_name4,cell_name5,cell_name6,cell_name7,cell_name8
AAACCCAGTATGACAA-1_1,Control,0.001,B cell,Gonadal endothelial cell,Ionocyte cell,Neuroendocrine cell,,,,
AAAGAACCAGTTTGGT-1_5,Control,0.001,AXL+SIGLEC6+ dendritic cell,B cell,Ionocyte cell,Meiotic prophase fetal germ cell,,,,
AAAGGGCCACAGTACT-1_6,Control,0.001,Ionocyte cell,,,,,,,
AAAGGTACAGCTACTA-1_19,COVID-19,0.001,Astrocyte,CD1C-CD141- dendritic cell,Homeostatic chondrocyte,Ionocyte cell,Liver bud hepatic cell,,,
AAAGGTAGTCTTAGTG-1_2,Control,0.001,Ionocyte cell,,,,,,,
AAAGTGAGTCTTGCTC-1_14,COVID-19,0.001,Ionocyte cell,,,,,,,
AAAGTGAGTGTGTACT-1_17,COVID-19,0.001,Ionocyte cell,,,,,,,
AAATGGAAGGGCCCTT-1_15,COVID-19,0.001,Astrocyte,Ionocyte cell,,,,,,
AACAAAGGTGAATATG-1_14,COVID-19,0.001,Astrocyte,Exhausted CD4+ T cell,Gonadal endothelial cell,Ionocyte cell,,,,
AACAAAGTCCACTTTA-1_6,Control,0.001,Ciliated cell,Exhausted CD8+ T cell,Ionocyte cell,Neural progenitor cell,,,,
AACACACTCCGGCTTT-1_25,COVID-19,0.002,Circulating fetal cell,Ionocyte cell,,,,,,
AACAGGGAGCGACTAG-1_16,COVID-19,0.001,Brush cell (Tuft cell),Ionocyte cell,Neuroendocrine cell,,,,,
AACAGGGTCCTGTAAG-1_13,COVID-19,0.001,B cell,Ionocyte cell,Leydig precursor cell,Morula cell (Blastomere),,,,
AACAGGGTCTGGTGCG-1_11,COVID-19,0.001,Ionocyte cell,,,,,,,
AACCAACAGACAGTCG-1_16,COVID-19,0.001,B cell,Ionocyte cell,,,,,,
AACCAACGTCTGTGAT-1_16,COVID-19,0.001,Brush cell (Tuft cell),Ionocyte cell,Neuroendocrine cell,,,,,
AACCACACAGCACACC-1_4,Control,0.001,CD141+CLEC9A+ dendritic cell,Cancer cell,Fibrocartilage chondrocyte,Ionocyte cell,,,,
AACCCAATCGTTCATT-1_9,COVID-19,0.001,B cell,Ionocyte cell,Leydig precursor cell,,,,,
AACCTGAGTATTTCCT-1_2,Control,0.001,Ionocyte cell,,,,,,,
AACCTTTGTTCCGTTC-1_27,COVID-19,0.001,Ionocyte cell,Morula cell (Blastomere),,,,,,
AACGGGATCCCAAGTA-1_11,COVID-19,0.001,CD4+ T cell,Ionocyte cell,,,,,,
AAGACAAAGTAAACTG-1_16,COVID-19,0.001,Ionocyte cell,,,,,,,
AAGACAATCGACCCAG-1_3,Control,0.001,Ionocyte cell,Meiotic prophase fetal germ cell,,,,,,
AAGATAGTCTAGCATG-1_9,COVID-19,0.001,CD4+ T cell,Fibrocartilage chondrocyte,Ionocyte cell,Morula cell (Blastomere),,,,
AAGCATCAGCTTCTAG-1_12,COVID-19,0.001,Ciliated cell,Fibrocartilage chondrocyte,Gonadal endothelial cell,Ionocyte cell,Liver bud hepatic cell,Morula cell (Blastomere),Oogenesis phase fetal germ cell,
AAGCATCAGTATCTGC-1_4,Control,0.004,Ciliated cell,Gonadal endothelial cell,Ionocyte cell,,,,,
AAGCATCCACTACACA-1_10,COVID-19,0.001,Ionocyte cell,,,,,,,
AAGGAATGTCCGTTTC-1_6,Control,0.001,Gonadal endothelial cell,Ionocyte cell,Naive CD8+ T cell,,,,,
AAGGAATGTGAAGCTG-1_9,COVID-19,0.001,Ionocyte cell,,,,,,,
AAGGAATTCTCATAGG-1_15,COVID-19,0.001,Ionocyte cell,Meiotic prophase fetal germ cell,Morula cell (Blastomere),,,,,
AAGGTAAAGAGGATCC-1_9,COVID-19,0.001,CD1C-CD141- dendritic cell,Ionocyte cell,Neuroendocrine cell,,,,,
AAGTACCGTGGTTTGT-1_7,Control,0.001,CD1C-CD141- dendritic cell,Ionocyte cell,Liver bud hepatic cell,,,,,
AAGTCGTCAAGGCGTA-1_14,COVID-19,0.001,CD1C-CD141- dendritic cell,Ionocyte cell,,,,,,
AAGTCGTGTCTGATCA-1_9,COVID-19,0.001,Astrocyte,Ionocyte cell,,,,,,
AAGTTCGGTGTTTACG-1_3,Control,0.001,Ionocyte cell,Meiotic prophase fetal germ cell,Mitotic arrest phase fetal germ cell,Naive CD4+ T cell,,,,
AATCGTGAGTTGTACC-1_9,COVID-19,0.001,Exhausted CD4+ T cell,Ionocyte cell,,,,,,
AATGAAGGTTGGGTAG-1_9,COVID-19,0.001,Ionocyte cell,Leydig precursor cell,,,,,,
AATGACCTCATCCTGC-1_15,COVID-19,0.001,B cell,Ionocyte cell,Morula cell (Blastomere),,,,,
AATGGCTGTATCTCGA-1_13,COVID-19,0.001,Ionocyte cell,,,,,,,
ACAAAGAGTCAGTCCG-1_9,COVID-19,0.001,Ionocyte cell,Leydig precursor cell,Meiotic prophase fetal germ cell,Mitotic arrest phase fetal germ cell,Morula cell (Blastomere),,,
ACAAGCTGTGCCGAAA-1_23,COVID-19,0.001,Fibrocartilage chondrocyte,Gonadal endothelial cell,Homeostatic chondrocyte,Ionocyte cell,,,,
ACACAGTAGGAACTAT-1_21,COVID-19,0.001,AXL+SIGLEC6+ dendritic cell,Ionocyte cell,Morula cell (Blastomere),,,,,
ACACCAATCTTGGAAC-1_13,COVID-19,0.001,B cell,Gonadal mitotic phase fetal germ cell,Ionocyte cell,Morula cell (Blastomere),,,,
ACATCGAAGTGGTGGT-1_11,COVID-19,0.001,B cell,Ionocyte cell,,,,,,
ACATGCAAGTTCACTG-1_25,COVID-19,0.001,Ciliated cell,Ionocyte cell,,,,,,
ACATTTCCAGTCTCTC-1_25,COVID-19,0.001,Fibrocartilage chondrocyte,Ionocyte cell,,,,,,
ACCAAACGTGATATAG-1_19,COVID-19,0.001,Ciliated cell,Homeostatic chondrocyte,Ionocyte cell,Morula cell (Blastomere),,,,
ACCAAACTCGGAGCAA-1_7,Control,0.001,Ionocyte cell,,,,,,,
ACCACAATCTGGCCTT-1_27,COVID-19,0.001,Astrocyte,Ionocyte cell,,,,,,
ACCATTTTCTGGACTA-1_23,COVID-19,0.001,Effector CD8+ memory T (Tem) cell,Gonadal endothelial cell,Ionocyte cell,,,,,
ACCCAAATCTGAATCG-1_19,COVID-19,0.001,CD1C-CD141- dendritic cell,Ionocyte cell,Leydig precursor cell,Liver bud hepatic cell,,,,
ACCCTCATCCGTCACT-1_23,COVID-19,0.001,Astrocyte,Ionocyte cell,Liver bud hepatic cell,,,,,
ACCTGAAAGGCCTGAA-1_13,COVID-19,0.001,Astrocyte,Ionocyte cell,Leydig precursor cell,Morula cell (Blastomere),,,,
ACCTGAAAGTGCTCAT-1_7,Control,0.001,Astrocyte,Brush cell (Tuft cell),Endothelial cell,Homeostatic chondrocyte,Ionocyte cell,Neuroendocrine cell,,
ACCTGTCGTGCATTTG-1_8,COVID-19,0.001,Ionocyte cell,,,,,,,
ACGCACGCAAGATGGC-1_15,COVID-19,0.001,Brush cell (Tuft cell),CD1C-CD141- dendritic cell,CD4+ T cell,Gonadal endothelial cell,Ionocyte cell,Liver bud hepatic cell,Meiotic prophase fetal germ cell,Neuroendocrine cell
ACGGAAGCATGCGGTC-1_3,Control,0.001,Ionocyte cell,,,,,,,
ACGGGTCTCTTCGTGC-1_20,COVID-19,0.001,CD141+CLEC9A+ dendritic cell,Homeostatic chondrocyte,Ionocyte cell,Leydig precursor cell,Liver bud hepatic cell,Mitotic arrest phase fetal germ cell,,
ACGGTTACAAGAGCTG-1_14,COVID-19,0.001,Brush cell (Tuft cell),Endothelial cell,Ionocyte cell,Neuroendocrine cell,,,,
ACGTACACAAAGGATT-1_10,COVID-19,0.001,B cell,Ionocyte cell,,,,,,
ACGTAGTTCAAGCCCG-1_5,Control,0.001,CD4+ T cell,Ionocyte cell,,,,,,
ACGTCCTGTAAGATAC-1_22,COVID-19,0.001,Astrocyte,Ionocyte cell,,,,,,
ACTATGGTCCTATTGT-1_2,Control,0.001,Gonadal endothelial cell,Ionocyte cell,,,,,,
ACTCTCGAGGAAGTCC-1_1,Control,0.001,Ionocyte cell,,,,,,,
ACTGCAAAGAAATGGG-1_13,COVID-19,0.001,Brush cell (Tuft cell),Ionocyte cell,Neuroendocrine cell,,,,,
ACTGTCCTCCCGATCT-1_4,Control,0.001,Ionocyte cell,Meiotic prophase fetal germ cell,,,,,,
ACTTAGGCAAAGACTA-1_20,COVID-19,0.001,CD1C-CD141- dendritic cell,Ionocyte cell,Morula cell (Blastomere),,,,,
ACTTAGGGTGTAGCAG-1_5,Control,0.001,Ionocyte cell,,,,,,,
ACTTATCCAGACACCC-1_21,COVID-19,0.001,Gonadal endothelial cell,Ionocyte cell,Liver bud hepatic cell,Morula cell (Blastomere),,,,
ACTTATCGTCCCTGTT-1_23,COVID-19,0.001,Ionocyte cell,,,,,,,
ACTTATCTCCTACTGC-1_12,COVID-19,0.001,Brush cell (Tuft cell),Ionocyte cell,Neuroendocrine cell,,,,,
ACTTCCGTCAGCCTTC-1_13,COVID-19,0.001,Ciliated cell,Ionocyte cell,Leydig precursor cell,,,,,
ACTTCGCGTATGAAGT-1_8,COVID-19,0.001,Embryonic stem cell,Ionocyte cell,Mitotic arrest phase fetal germ cell,,,,,
ACTTTCATCGACGATT-1_12,COVID-19,0.001,CD1C-CD141- dendritic cell,Ionocyte cell,,,,,,
AGAAATGTCATTGCGA-1_7,Control,0.001,CD1C-CD141- dendritic cell,Granulocyte-monocyte progenitor,Ionocyte cell,Neuroendocrine cell,,,,
AGAACAACACCCAATA-1_17,COVID-19,0.001,Ciliated cell,Fibrocartilage chondrocyte,Ionocyte cell,Liver bud hepatic cell,,,,
AGAACAACAGAGGGTT-1_3,Control,0.001,Fibrocartilage chondrocyte,Ionocyte cell,Mitotic arrest phase fetal germ cell,,,,,
AGAACCTTCCCTCGTA-1_12,COVID-19,0.001,AXL+SIGLEC6+ dendritic cell,CD4+ T cell,Ionocyte cell,Leydig precursor cell,Neuroendocrine cell,,,
AGAAGCGGTTGTTGTG-1_11,COVID-19,0.001,Ionocyte cell,,,,,,,
AGAAGTACAGACGATG-1_5,Control,0.001,CD4+ T cell,Ionocyte cell,,,,,,
AGAAGTAGTTTCAGAC-1_11,COVID-19,0.001,Gonadal endothelial cell,Ionocyte cell,,,,,,
AGACAAATCACGGGCT-1_3,Control,0.001,Ionocyte cell,Oogenesis phase fetal germ cell,,,,,,
AGACAGGTCACCTGTC-1_1,Control,0.001,CD1C-CD141- dendritic cell,Ionocyte cell,,,,,,
AGACTCACACCTGCTT-1_5,Control,0.002,Brush cell (Tuft cell),Ionocyte cell,,,,,,
AGAGAATGTACCATAC-1_22,COVID-19,0.001,Ionocyte cell,,,,,,,
AGAGCCCAGGGTTAGC-1_7,Control,0.001,Ciliated cell,Ionocyte cell,Meiotic prophase fetal germ cell,Neural progenitor cell,,,,
AGATGAAGTTCGCGTG-1_1,Control,0.001,AXL+SIGLEC6+ dendritic cell,CD1C-CD141- dendritic cell,Ionocyte cell,,,,,
AGATGAATCATAGAGA-1_4,Control,0.001,Ionocyte cell,,,,,,,
AGATGAATCTCCGATC-1_7,Control,0.001,Brush cell (Tuft cell),CD4+ T cell,Ionocyte cell,Neuroendocrine cell,,,,
AGCCACGCATGGTACT-1_6,Control,0.001,Gonadal endothelial cell,Ionocyte cell,,,,,,
AGCGATTAGGGTTAGC-1_20,COVID-19,0.001,Brush cell (Tuft cell),CD1C-CD141- dendritic cell,CD4+ T cell,Ciliated cell,Gonadal endothelial cell,Ionocyte cell,,
AGCGATTCAGCATACT-1_12,COVID-19,0.001,CD141+CLEC9A+ dendritic cell,Ionocyte cell,,,,,,
AGCGCCATCATTACGG-1_13,COVID-19,0.001,Ciliated cell,Ionocyte cell,Leydig precursor cell,Neuroendocrine cell,,,,
AGCTACAAGAGTTGTA-1_23,COVID-19,0.001,CD141+CLEC9A+ dendritic cell,Ionocyte cell,Oligodendrocyte progenitor cell,,,,,
AGCTACATCGGACTTA-1_9,COVID-19,0.001,Circulating fetal cell,Ionocyte cell,Morula cell (Blastomere),,,,,
AGCTCAAAGTTTGAGA-1_2,Control,0.001,Ionocyte cell,,,,,,,
AGCTCAAGTCACGTGC-1_20,COVID-19,0.001,Gonadal endothelial cell,Ionocyte cell,,,,,,
AGGAAATTCGCTGTTC-1_4,Control,0.001,B cell,Ionocyte cell,,,,,,
AGGACGATCGTCGATA-1_27,COVID-19,0.001,Circulating fetal cell,Exhausted CD8+ T cell,Ionocyte cell,,,,,
AGGACTTCATCTCATT-1_5,Control,0.001,AXL+SIGLEC6+ dendritic cell,Homeostatic chondrocyte,Ionocyte cell,,,,,
AGGACTTCATTCTCCG-1_20,COVID-19,0.001,Cancer stem cell,Gonadal endothelial cell,Ionocyte cell,,,,,
AGGACTTGTTTATGCG-1_9,COVID-19,0.001,CD4+ T cell,Ionocyte cell,Morula cell (Blastomere),,,,,
AGGATAAAGACTAGAT-1_20,COVID-19,0.001,Ionocyte cell,,,,,,,
AGGCCACTCTAATTCC-1_26,COVID-19,0.001,Homeostatic chondrocyte,Ionocyte cell,,,,,,
AGGCTGCAGAGTCTTC-1_13,COVID-19,0.001,Ionocyte cell,,,,,,,
AGGCTGCTCAAAGGAT-1_27,COVID-19,0.001,CD4+ T cell,Ionocyte cell,,,,,,
AGGGCTCTCGCCTTTG-1_13,COVID-19,0.001,Ionocyte cell,,,,,,,
AGGGCTCTCTACGCAA-1_19,COVID-19,0.001,Ionocyte cell,,,,,,,
AGGGTGAGTCGTCAGC-1_12,COVID-19,0.001,Ionocyte cell,,,,,,,
AGGTCATCAGTTTCGA-1_12,COVID-19,0.002,CD4+ T cell,Endothelial cell,Ionocyte cell,,,,,
AGGTCTAAGGCCTTCG-1_5,Control,0.001,B cell,Exhausted CD4+ T cell,Ionocyte cell,,,,,
AGGTGTTCAGAGGGTT-1_12,COVID-19,0.001,AXL+SIGLEC6+ dendritic cell,Endothelial cell,Ionocyte cell,Leydig precursor cell,,,,
AGGTTGTGTATCAGCT-1_21,COVID-19,0.001,Ionocyte cell,Leydig precursor cell,Morula cell (Blastomere),,,,,
AGTAACCAGTCAATCC-1_8,COVID-19,0.001,Fibrocartilage chondrocyte,Homeostatic chondrocyte,Ionocyte cell,,,,,
AGTAACCCACTTACAG-1_16,COVID-19,0.001,Ionocyte cell,,,,,,,
AGTAACCGTCTTGTCC-1_3,Control,0.001,Cancer cell,Granulocyte-monocyte progenitor,Ionocyte cell,,,,,
AGTACCATCTGATGGT-1_11,COVID-19,0.001,CD1C-CD141- dendritic cell,Ionocyte cell,Oligodendrocyte progenitor cell,,,,,
AGTGACTCATACATCG-1_5,Control,0.001,CD1C-CD141- dendritic cell,Ionocyte cell,Neuroendocrine cell,,,,,
AGTGACTTCAACTCTT-1_25,COVID-19,0.001,B cell,Ionocyte cell,,,,,,
AGTGCCGGTACGCTAT-1_25,COVID-19,0.001,Astrocyte,Ionocyte cell,,,,,,
AGTTAGCAGAGTCACG-1_1,Control,0.001,Brush cell (Tuft cell),Fibrocartilage chondrocyte,Ionocyte cell,Neuroendocrine cell,,,,
AGTTAGCTCAATCAGC-1_21,COVID-19,0.002,CD141+CLEC9A+ dendritic cell,Ionocyte cell,,,,,,
AGTTCGAAGCCGTAAG-1_16,COVID-19,0.001,Endothelial cell,Ionocyte cell,,,,,,
AGTTCGAAGGCGAACT-1_16,COVID-19,0.001,CD4+ T cell,Ionocyte cell,,,,,,
ATACCGAGTCTCACAA-1_5,Control,0.001,B cell,Ionocyte cell,,,,,,
ATACCTTTCCCAGTGG-1_21,COVID-19,0.001,Brush cell (Tuft cell),Ionocyte cell,Neuroendocrine cell,,,,,
ATAGAGACACCTGCAG-1_24,COVID-19,0.001,Ionocyte cell,,,,,,,
ATAGAGAGTCGCGTTG-1_10,COVID-19,0.001,B cell,Exhausted CD8+ T cell,Fibrocartilage chondrocyte,Ionocyte cell,,,,
ATAGGCTTCGCGTCGA-1_19,COVID-19,0.001,CD1C-CD141- dendritic cell,Ionocyte cell,,,,,,
ATCACGATCGATACGT-1_13,COVID-19,0.001,Exhausted CD4+ T cell,Ionocyte cell,Leydig precursor cell,Morula cell (Blastomere),,,,
ATCACTTAGTTACGGG-1_24,COVID-19,0.001,Ionocyte cell,,,,,,,
ATCACTTTCCCATACC-1_6,Control,0.001,Brush cell (Tuft cell),Endothelial cell,Ionocyte cell,Neuroendocrine cell,,,,
ATCAGGTTCGCATAGT-1_7,Control,0.001,Brush cell (Tuft cell),Ionocyte cell,Neuroendocrine cell,,,,,
ATCGTAGAGCCAACCC-1_24,COVID-19,0.001,AXL+SIGLEC6+ dendritic cell,Brush cell (Tuft cell),CD1C-CD141- dendritic cell,Ionocyte cell,,,,
ATCGTAGGTCGCCACA-1_20,COVID-19,0.001,AXL+SIGLEC6+ dendritic cell,CD1C-CD141- dendritic cell,Ciliated cell,Ionocyte cell,Mitotic arrest phase fetal germ cell,,,
ATCGTCCCACTTTATC-1_11,COVID-19,0.001,Ionocyte cell,,,,,,,
ATCTCTAGTGCATCTA-1_15,COVID-19,0.001,CD141+CLEC9A+ dendritic cell,Ionocyte cell,,,,,,
ATCTTCACATTGACAC-1_20,COVID-19,0.001,Ionocyte cell,,,,,,,
ATGAGTCTCTCCCATG-1_14,COVID-19,0.001,Endothelial cell,Exhausted CD4+ T cell,Ionocyte cell,Liver bud hepatic cell,Morula cell (Blastomere),,,
ATGATCGCACCTCTGT-1_27,COVID-19,0.001,Ionocyte cell,Liver bud hepatic cell,Meiotic prophase fetal germ cell,Morula cell (Blastomere),,,,
ATGCATGAGTCATGAA-1_4,Control,0.001,Ionocyte cell,,,,,,,
ATGCCTCGTTGCCTAA-1_13,COVID-19,0.001,AXL+SIGLEC6+ dendritic cell,Ionocyte cell,Oligodendrocyte progenitor cell,,,,,
ATGGTTGGTAGCGAGT-1_26,COVID-19,0.001,Brush cell (Tuft cell),CD1C-CD141- dendritic cell,Cancer stem cell,Circulating fetal cell,Ionocyte cell,,,
ATGTCTTGTCAACCTA-1_24,COVID-19,0.001,Ionocyte cell,,,,,,,
ATTACTCGTGATCATC-1_1,Control,0.001,Ionocyte cell,,,,,,,
ATTATCCAGATAACAC-1_21,COVID-19,0.001,Ciliated cell,Ionocyte cell,Naive CD8+ T cell,,,,,
ATTCACTAGCAATAAC-1_14,COVID-19,0.001,Ionocyte cell,,,,,,,
ATTCACTTCTGAGAAA-1_7,Control,0.001,Ionocyte cell,Neural progenitor cell,,,,,,
ATTCCTACACCAACAT-1_8,COVID-19,0.001,CD1C-CD141- dendritic cell,Gonadal endothelial cell,Ionocyte cell,,,,,
ATTCCTATCTGACAGT-1_2,Control,0.001,Ionocyte cell,,,,,,,
ATTCTTGAGCCTAGGA-1_8,COVID-19,0.001,B cell,Ionocyte cell,Liver bud hepatic cell,,,,,
ATTCTTGTCCAATCTT-1_15,COVID-19,0.001,Ciliated cell,Exhausted CD4+ T cell,Ionocyte cell,Morula cell (Blastomere),,,,
ATTGTTCAGGGAGTTC-1_7,Control,0.001,CD4+ T cell,Ionocyte cell,,,,,,
ATTTACCTCATTGCTT-1_2,Control,0.001,Fibrocartilage chondrocyte,Homeostatic chondrocyte,Ionocyte cell,,,,,
ATTTACCTCTAGGCCG-1_2,Control,0.001,Ionocyte cell,Mitotic arrest phase fetal germ cell,Multilymphoid progenitor cell,,,,,
ATTTCTGCACATTCTT-1_2,Control,0.001,Exhausted CD4+ T cell,Ionocyte cell,,,,,,
CAACAGTAGTCTTCGA-1_3,Control,0.001,Ionocyte cell,Meiotic prophase fetal germ cell,Mitotic arrest phase fetal germ cell,Naive CD4+ T cell,,,,
CAACAGTTCACTCGAA-1_13,COVID-19,0.001,Fibrocartilage chondrocyte,Ionocyte cell,Naive CD8+ T cell,,,,,
CAACGGCAGCTAAACA-1_16,COVID-19,0.001,Exhausted CD4+ T cell,Ionocyte cell,,,,,,
CAAGAGGTCCGATGCG-1_14,COVID-19,0.001,Ionocyte cell,,,,,,,
CAAGCTAAGCTGACTT-1_3,Control,0.001,Ionocyte cell,Liver bud hepatic cell,,,,,,
CAATACGCAGAGATGC-1_6,Control,0.001,Brush cell (Tuft cell),Fibrocartilage chondrocyte,Ionocyte cell,Neuroendocrine cell,,,,
CAATACGGTGATACCT-1_10,COVID-19,0.001,Ionocyte cell,,,,,,,
CAATCGATCCCTCTAG-1_14,COVID-19,0.002,Gonadal endothelial cell,Ionocyte cell,,,,,,
CAATGACTCTGTCCCA-1_10,COVID-19,0.001,Ionocyte cell,,,,,,,
CAATTTCGTTTACCAG-1_16,COVID-19,0.001,Brush cell (Tuft cell),Fibrocartilage chondrocyte,Ionocyte cell,Liver bud hepatic cell,Mesenchymal cell,Neuroendocrine cell,,
CACAACAGTCATCCCT-1_22,COVID-19,0.001,Exhausted CD4+ T cell,Ionocyte cell,,,,,,
CACACAAAGCTTCATG-1_6,Control,0.001,Brush cell (Tuft cell),Ionocyte cell,Morula cell (Blastomere),Neuroendocrine cell,,,,
CACCAAACACCTGTCT-1_18,COVID-19,0.001,Gonadal endothelial cell,Ionocyte cell,,,,,,
CACCGTTGTCAGACGA-1_8,COVID-19,0.001,Ionocyte cell,,,,,,,
CACGAATAGTTAACGA-1_20,COVID-19,0.001,Astrocyte,Ciliated cell,Ionocyte cell,,,,,
CACGAATTCCGTGTGG-1_13,COVID-19,0.001,B cell,Exhausted CD4+ T cell,Ionocyte cell,,,,,
CACTGAAGTAGCACAG-1_12,COVID-19,0.001,CD141+CLEC9A+ dendritic cell,Ionocyte cell,Mitotic fetal germ cell,Morula cell (Blastomere),,,,
CAGATACTCCCAGTGG-1_15,COVID-19,0.001,Ionocyte cell,,,,,,,
CAGGCCACATCCAACA-1_2,Control,0.001,Ionocyte cell,Mitotic arrest phase fetal germ cell,Morula cell (Blastomere),,,,,
CAGGCCATCCTCAGGG-1_11,COVID-19,0.001,Ionocyte cell,Meiotic prophase fetal germ cell,,,,,,
CAGGCCATCCTGCCAT-1_3,Control,0.001,CD1C-CD141- dendritic cell,Ionocyte cell,Meiotic prophase fetal germ cell,Mitotic arrest phase fetal germ cell,,,,
CAGGGCTAGCCATGCC-1_18,COVID-19,0.001,Gonadal endothelial cell,Ionocyte cell,,,,,,
CAGGGCTTCCCGAATA-1_2,Control,0.001,Ionocyte cell,Meiotic prophase fetal germ cell,,,,,,
CAGTTAGTCGCTGTTC-1_18,COVID-19,0.001,Astrocyte,Ciliated cell,Endothelial cell,Ionocyte cell,Meiotic prophase fetal germ cell,,,
CAGTTCCGTCAGCTTA-1_4,Control,0.001,Ionocyte cell,,,,,,,
CAGTTCCTCATGCAGT-1_7,Control,0.001,Ionocyte cell,Macrophage,,,,,,
CATACCCAGTCGAGGT-1_13,COVID-19,0.001,CD4+ T cell,Ionocyte cell,,,,,,
CATACTTAGAAACTGT-1_1,Control,0.001,Fibrocartilage chondrocyte,Ionocyte cell,Meiotic prophase fetal germ cell,,,,,
CATACTTGTCCTACGG-1_3,Control,0.001,Ionocyte cell,Liver bud hepatic cell,,,,,,
CATACTTTCCTTCACG-1_9,COVID-19,0.001,Brush cell (Tuft cell),CD1C-CD141- dendritic cell,Ionocyte cell,Mitotic arrest phase fetal germ cell,,,,
CATAGACAGTTCCTGA-1_25,COVID-19,0.001,B cell,CD1C-CD141- dendritic cell,Ionocyte cell,,,,,
CATCAAGTCACTACTT-1_11,COVID-19,0.001,Ionocyte cell,,,,,,,
CATCCACCACTACACA-1_13,COVID-19,0.002,Ionocyte cell,,,,,,,
CATCCCACAAGCGGAT-1_15,COVID-19,0.001,Fibrocartilage chondrocyte,Ionocyte cell,Neuroendocrine cell,,,,,
CATCGCTGTTAGGAGC-1_1,Control,0.001,Brush cell (Tuft cell),CD1C-CD141- dendritic cell,Ionocyte cell,Neuroendocrine cell,Oligodendrocyte progenitor cell,,,
CATGAGTGTAATGCTC-1_9,COVID-19,0.001,Ionocyte cell,,,,,,,
CATGCGGAGAATCGAT-1_25,COVID-19,0.001,Ionocyte cell,,,,,,,
CATGCTCAGTTCCGGC-1_8,COVID-19,0.001,Basal cell,CD1C-CD141- dendritic cell,Ionocyte cell,Morula cell (Blastomere),,,,
CATTCTAGTAAGATAC-1_18,COVID-19,0.001,CD1C-CD141- dendritic cell,Gonadal endothelial cell,Ionocyte cell,,,,,
CATTGAGAGACCAGCA-1_11,COVID-19,0.001,Ionocyte cell,,,,,,,
CATTGAGCATGCAGGA-1_13,COVID-19,0.001,Cancer cell,Ionocyte cell,,,,,,
CATTGCCGTCGAGCTC-1_11,COVID-19,0.001,CD4+ T cell,Ciliated cell,Ionocyte cell,,,,,
CATTGTTGTTGAAGTA-1_20,COVID-19,0.001,Ionocyte cell,Meiotic prophase fetal germ cell,,,,,,
CCAAGCGCATGGACAG-1_19,COVID-19,0.001,CD1C-CD141- dendritic cell,Ionocyte cell,,,,,,
CCAAGCGCATTAGGCT-1_3,Control,0.001,CD1C-CD141- dendritic cell,Ionocyte cell,,,,,,
CCACACTTCCAAATGC-1_1,Control,0.001,CD4+ T cell,Ionocyte cell,,,,,,
CCACGAGCAACGGGTA-1_8,COVID-19,0.001,Ionocyte cell,,,,,,,
CCACTTGCAGCTCTGG-1_8,COVID-19,0.001,Ionocyte cell,,,,,,,
CCATCACTCGCTTGCT-1_15,COVID-19,0.001,CD1C-CD141- dendritic cell,CD4+ T cell,Endothelial cell,Gonadal endothelial cell,Ionocyte cell,Leydig precursor cell,,
CCCAACTGTAGACACG-1_7,Control,0.001,Fibrocartilage chondrocyte,Ionocyte cell,,,,,,
CCCATTGGTGCTCCGA-1_3,Control,0.001,Ionocyte cell,Meiotic prophase fetal germ cell,Mitotic arrest phase fetal germ cell,Multilymphoid progenitor cell,,,,
CCCGAAGTCACAATGC-1_5,Control,0.001,CD1C-CD141- dendritic cell,Cancer cell,Circulating fetal cell,Fibrocartilage chondrocyte,Ionocyte cell,,,
CCCGGAAAGCCTCAGC-1_19,COVID-19,0.002,Ionocyte cell,,,,,,,
CCCTAACCAGCAGAAC-1_7,Control,0.001,CD1C-CD141- dendritic cell,Ionocyte cell,,,,,,
CCCTCAAGTTGGGATG-1_19,COVID-19,0.001,B cell,Ionocyte cell,,,,,,
CCCTCTCAGCAGCCCT-1_15,COVID-19,0.001,CD1C-CD141- dendritic cell,Classical monocyte,Ionocyte cell,Mononuclear phagocyte,,,,
CCCTGATGTTGGGTTT-1_2,Control,0.001,CD4+ T cell,Ionocyte cell,,,,,,
CCGATGGAGGTTGAGC-1_7,Control,0.001,Brush cell (Tuft cell),CD1C-CD141- dendritic cell,Ionocyte cell,Neuroendocrine cell,,,,
CCGGGTACATCAGCAT-1_27,COVID-19,0.001,Ionocyte cell,,,,,,,
CCGGGTAGTTTGTTGG-1_6,Control,0.001,Ionocyte cell,Oligodendrocyte progenitor cell,,,,,,
CCGGTAGCACTGCGAC-1_16,COVID-19,0.001,Circulating fetal cell,Ionocyte cell,Liver bud hepatic cell,Mesenchymal stromal cell,,,,
CCGTAGGAGACCGTTT-1_2,Control,0.001,Astrocyte,B cell,Ciliated cell,Homeostatic chondrocyte,Ionocyte cell,Meiotic prophase fetal germ cell,,
CCGTAGGAGGCACTCC-1_8,COVID-19,0.001,Homeostatic chondrocyte,Ionocyte cell,Meiotic prophase fetal germ cell,,,,,
CCTAACCTCTTCGTAT-1_8,COVID-19,0.001,Brush cell (Tuft cell),CD1C-CD141- dendritic cell,Ionocyte cell,Neuroendocrine cell,,,,
CCTAAGACACTAGAGG-1_17,COVID-19,0.001,B cell,Homeostatic chondrocyte,Ionocyte cell,,,,,
CCTACGTAGCCGAATG-1_1,Control,0.001,Ionocyte cell,,,,,,,
CCTACGTAGGTACCTT-1_3,Control,0.002,Ionocyte cell,Mitotic arrest phase fetal germ cell,,,,,,
CCTACGTTCGTGTGAT-1_18,COVID-19,0.001,B cell,Ionocyte cell,,,,,,
CCTCAACGTCTGCCTT-1_1,Control,0.001,Embryonic stem cell,Homeostatic chondrocyte,Ionocyte cell,,,,,
CCTCACACACCATAAC-1_13,COVID-19,0.001,CD4+ T cell,Gonadal endothelial cell,Ionocyte cell,Leydig precursor cell,Meiotic prophase fetal germ cell,,,
CCTCATGCAACTAGAA-1_9,COVID-19,0.001,CD1C-CD141- dendritic cell,Ionocyte cell,,,,,,
CCTCCAAAGAGTGAAG-1_14,COVID-19,0.001,CD1C-CD141- dendritic cell,Ionocyte cell,,,,,,
CCTCCAAGTATGCGTT-1_14,COVID-19,0.001,Adenocarcinoma stem-like cell,CD4+ T cell,Ionocyte cell,Oogenesis phase fetal germ cell,,,,
CCTCCTCCAACACACT-1_15,COVID-19,0.001,B cell,Ciliated cell,Endothelial cell,Ionocyte cell,,,,
CCTCCTCTCAAATGAG-1_15,COVID-19,0.001,Gonadal endothelial cell,Ionocyte cell,Morula cell (Blastomere),,,,,
CCTCTCCCAACGCATT-1_14,COVID-19,0.001,B cell,Ionocyte cell,,,,,,
CCTGCATGTTGCGGCT-1_18,COVID-19,0.001,Ionocyte cell,Leydig precursor cell,,,,,,
CCTGCATTCAATGTCG-1_4,Control,0.001,B cell,Circulating fetal cell,Ionocyte cell,Liver bud hepatic cell,,,,
CCTGTTGCAGGGACTA-1_7,Control,0.001,Brush cell (Tuft cell),CD1C-CD141- dendritic cell,Ionocyte cell,,,,,
CCTTCAGAGTGAGTTA-1_18,COVID-19,0.001,CD4+ T cell,Ionocyte cell,Liver bud hepatic cell,Meiotic prophase fetal germ cell,,,,
CCTTCAGCACCAAATC-1_7,Control,0.001,Ionocyte cell,,,,,,,
CGAAGGACAATCGTCA-1_3,Control,0.001,CD1C-CD141- dendritic cell,Ionocyte cell,,,,,,
CGAGGCTCACGACGAA-1_7,Control,0.001,CD1C-CD141- dendritic cell,Ionocyte cell,,,,,,
CGAGGCTTCACCTGTC-1_27,COVID-19,0.001,CD1C-CD141- dendritic cell,Ionocyte cell,,,,,,
CGAGGCTTCATTGTTC-1_11,COVID-19,0.001,Ionocyte cell,Mesenchymal cell,,,,,,
CGAGTGCAGAAGATCT-1_14,COVID-19,0.001,Ionocyte cell,Liver bud hepatic cell,,,,,,
CGCAGGTAGGATTACA-1_3,Control,0.001,Brush cell (Tuft cell),CD1C-CD141- dendritic cell,Fibrocartilage chondrocyte,Homeostatic chondrocyte,Ionocyte cell,Neuroendocrine cell,Oogenesis phase fetal germ cell,
CGCGTGACAAAGGATT-1_19,COVID-19,0.002,Endothelial cell,Ionocyte cell,,,,,,
CGGAATTCATTGGCAT-1_6,Control,0.001,B cell,CD1C-CD141- dendritic cell,Ionocyte cell,,,,,
CGGCAGTAGTGTTGTC-1_27,COVID-19,0.001,Ionocyte cell,Neuroendocrine cell,,,,,,
CGGCAGTGTGCCGTAC-1_21,COVID-19,0.001,Fibrocartilage chondrocyte,Ionocyte cell,,,,,,
CGGCAGTGTGTGAGCA-1_14,COVID-19,0.001,Ionocyte cell,,,,,,,
CGGGTCACATAAGATG-1_7,Control,0.001,Ionocyte cell,,,,,,,
CGGGTCAGTCAAGGCA-1_21,COVID-19,0.001,AXL+SIGLEC6+ dendritic cell,Fibrocartilage chondrocyte,Ionocyte cell,Oligodendrocyte progenitor cell,,,,
CGTAATGAGCTGTCCG-1_2,Control,0.001,CD1C-CD141- dendritic cell,Ionocyte cell,Liver bud hepatic cell,Morula cell (Blastomere),,,,
CGTAATGTCAATGCAC-1_15,COVID-19,0.001,Ionocyte cell,,,,,,,
CGTCCATTCTTACCGC-1_8,COVID-19,0.001,Ionocyte cell,Morula cell (Blastomere),,,,,,
CGTGCTTGTGTGTTTG-1_20,COVID-19,0.001,CD1C-CD141- dendritic cell,CD4+ T cell,Gonadal endothelial cell,Ionocyte cell,,,,
CGTGTCTAGAGATGCC-1_23,COVID-19,0.002,CD1C-CD141- dendritic cell,Ciliated cell,Ionocyte cell,Liver bud hepatic cell,,,,
CGTTCTGAGCAATAAC-1_13,COVID-19,0.001,B cell,Granulocyte-monocyte progenitor,Homeostatic chondrocyte,Ionocyte cell,Liver bud hepatic cell,,,
CTAACTTCAGAAGTGC-1_3,Control,0.001,Ionocyte cell,,,,,,,
CTACATTAGTAGGATT-1_21,COVID-19,0.001,Ionocyte cell,,,,,,,
CTACCTGTCATTTCGT-1_20,COVID-19,0.001,Ionocyte cell,Neuroendocrine cell,,,,,,
CTAGGTAAGAGCCGAT-1_7,Control,0.001,Ionocyte cell,,,,,,,
CTAGGTATCTGTAACG-1_15,COVID-19,0.001,Ionocyte cell,,,,,,,
CTCAATTTCCGCAACG-1_1,Control,0.001,CD141+CLEC9A+ dendritic cell,Gonadal endothelial cell,Ionocyte cell,Meiotic prophase fetal germ cell,,,,
CTCATCGGTAACAAGT-1_7,Control,0.001,CD4+ T cell,Embryonic stem cell,Ionocyte cell,Liver bud hepatic cell,Meiotic prophase fetal germ cell,,,
CTCCACACACAACGTT-1_3,Control,0.001,Interneuron,Ionocyte cell,Meiotic prophase fetal germ cell,Naive CD4+ T cell,,,,
CTCCTCCTCATTTGGG-1_7,Control,0.001,CD1C-CD141- dendritic cell,Granulocyte-monocyte progenitor,Ionocyte cell,,,,,
CTCCTTTCATGTAACC-1_12,COVID-19,0.001,Circulating fetal cell,Ionocyte cell,,,,,,
CTCCTTTTCGGTCAGC-1_12,COVID-19,0.001,Ionocyte cell,Mitotic arrest phase fetal germ cell,Naive CD4+ T cell,,,,,
CTCTCAGAGAAGTCAT-1_16,COVID-19,0.001,Astrocyte,Endothelial cell,Ionocyte cell,,,,,
CTCTCAGGTCGCTGCA-1_20,COVID-19,0.002,Ionocyte cell,,,,,,,
CTCTCAGGTGTGAGCA-1_21,COVID-19,0.001,CD4+ T cell,Ionocyte cell,,,,,,
CTCTCGACAGGAGACT-1_1,Control,0.001,B cell,Brush cell (Tuft cell),Exhausted CD4+ T cell,Fibrocartilage chondrocyte,Ionocyte cell,,,
CTGAATGCAAGCTGCC-1_18,COVID-19,0.001,Astrocyte,Ionocyte cell,,,,,,
CTGATCCGTTCCTAGA-1_11,COVID-19,0.001,Ionocyte cell,,,,,,,
CTGCCTACATCACAGT-1_20,COVID-19,0.001,Ionocyte cell,,,,,,,
CTGCGAGTCCTTCACG-1_13,COVID-19,0.001,Astrocyte,Ionocyte cell,Leydig precursor cell,Morula cell (Blastomere),,,,
CTGGTCTAGAGTGAAG-1_9,COVID-19,0.001,Ionocyte cell,,,,,,,
CTGGTCTAGGGCATGT-1_1,Control,0.001,CD1C-CD141- dendritic cell,Ionocyte cell,,,,,,
CTGTACCGTGGTAATA-1_13,COVID-19,0.001,Ionocyte cell,,,,,,,
CTGTACCTCCCTCTCC-1_15,COVID-19,0.001,Brush cell (Tuft cell),Ionocyte cell,Neuroendocrine cell,,,,,
CTTCAATAGTAACGAT-1_1,Control,0.001,CD1C-CD141- dendritic cell,Ionocyte cell,Oligodendrocyte progenitor cell,,,,,
CTTCAATCAAGCTACT-1_26,COVID-19,0.001,Gonadal endothelial cell,Ionocyte cell,,,,,,
CTTCGGTCATAGGTTC-1_23,COVID-19,0.001,Astrocyte,Ionocyte cell,Morula cell (Blastomere),,,,,
CTTCTAAAGTGGATAT-1_7,Control,0.001,Brush cell (Tuft cell),Exhausted CD4+ T cell,Ionocyte cell,,,,,
CTTCTAACATGGCTGC-1_24,COVID-19,0.001,Ionocyte cell,Leydig precursor cell,Naive CD4+ T cell,,,,,
CTTGATTTCCACACAA-1_15,COVID-19,0.001,Ionocyte cell,,,,,,,
CTTTCAAAGTGGGAAA-1_11,COVID-19,0.001,Astrocyte,Gonadal endothelial cell,Ionocyte cell,,,,,
CTTTCAACATGACTGT-1_13,COVID-19,0.001,Astrocyte,Gonadal endothelial cell,Ionocyte cell,Naive CD8+ T cell,,,,
GAAACCTCAAATGGCG-1_23,COVID-19,0.001,AXL+SIGLEC6+ dendritic cell,Ionocyte cell,,,,,,
GAAATGAAGATACTGA-1_21,COVID-19,0.001,Ionocyte cell,Morula cell (Blastomere),,,,,,
GAAATGACACCGGTCA-1_3,Control,0.001,Granulocyte-monocyte progenitor,Ionocyte cell,,,,,,
GAACACTCACCACTGG-1_6,Control,0.001,Astrocyte,B cell,Ionocyte cell,Liver bud hepatic cell,,,,
GAACACTTCCACTAGA-1_22,COVID-19,0.001,Brush cell (Tuft cell),Ionocyte cell,Neuroendocrine cell,,,,,
GAACGTTGTAACTGCT-1_1,Control,0.001,Fibrocartilage chondrocyte,Ionocyte cell,,,,,,
GAACTGTGTGCGGCTT-1_10,COVID-19,0.002,CD141+CLEC9A+ dendritic cell,Circulating fetal cell,Ionocyte cell,,,,,
GAAGCGAAGCAGCCCT-1_26,COVID-19,0.001,B cell,CD1C-CD141- dendritic cell,Fibrocartilage chondrocyte,Ionocyte cell,Morula cell (Blastomere),,,
GAAGGACTCGATACAC-1_23,COVID-19,0.001,Astrocyte,Ionocyte cell,,,,,,
GAAGGGTAGACTCATC-1_5,Control,0.001,Ionocyte cell,,,,,,,
GAAGTAAGTCTACGAT-1_3,Control,0.001,Ionocyte cell,Mitotic arrest phase fetal germ cell,Oogenesis phase fetal germ cell,,,,,
GAATCACAGACGATAT-1_20,COVID-19,0.001,Ionocyte cell,,,,,,,
GAATCACTCCAGCCTT-1_13,COVID-19,0.001,Astrocyte,Ionocyte cell,,,,,,
GAATCACTCCATCTCG-1_13,COVID-19,0.001,Homeostatic chondrocyte,Ionocyte cell,,,,,,
GACATCAAGCAAGGAA-1_8,COVID-19,0.001,Brush cell (Tuft cell),Ionocyte cell,Macrophage,Neural progenitor cell,,,,
GACATCAAGCACTTTG-1_9,COVID-19,0.001,Ciliated cell,Ionocyte cell,Meiotic prophase fetal germ cell,,,,,
GACATCAGTGTACATC-1_13,COVID-19,0.001,B cell,Homeostatic chondrocyte,Ionocyte cell,,,,,
GACCAATAGTTGGAAT-1_25,COVID-19,0.001,AXL+SIGLEC6+ dendritic cell,Ionocyte cell,Liver bud hepatic cell,,,,,
GACCAATCAGCCGTCA-1_3,Control,0.001,Ionocyte cell,,,,,,,
GACCCAGAGCAACTCT-1_9,COVID-19,0.001,Homeostatic chondrocyte,Ionocyte cell,,,,,,
GACCCAGTCAATCCGA-1_15,COVID-19,0.001,B cell,Ionocyte cell,Meiotic prophase fetal germ cell,Morula cell (Blastomere),,,,
GACCCTTCATCAGCTA-1_14,COVID-19,0.001,AXL+SIGLEC6+ dendritic cell,Ionocyte cell,Morula cell (Blastomere),,,,,
GACCGTGCAACTTGGT-1_14,COVID-19,0.001,B cell,Fibrocartilage chondrocyte,Ionocyte cell,,,,,
GACCGTGTCACAATGC-1_4,Control,0.001,CD4+ T cell,Ionocyte cell,,,,,,
GACGCTGAGGTTGCCC-1_8,COVID-19,0.001,Fibrocartilage chondrocyte,Gonadal endothelial cell,Homeostatic chondrocyte,Ionocyte cell,,,,
GACGTTAGTCGTTGGC-1_16,COVID-19,0.001,Brush cell (Tuft cell),Homeostatic chondrocyte,Ionocyte cell,Meiotic prophase fetal germ cell,Neuroendocrine cell,,,
GACTATGAGCTCACTA-1_10,COVID-19,0.001,Ionocyte cell,,,,,,,
GACTCAAAGTGGGAAA-1_14,COVID-19,0.001,Ionocyte cell,,,,,,,
GACTCTCTCTCTTAAC-1_9,COVID-19,0.001,Ionocyte cell,,,,,,,
GACTGATAGTTGGACG-1_6,Control,0.001,B cell,Ionocyte cell,,,,,,
GACTTCCCAGTGTGGA-1_20,COVID-19,0.001,Ionocyte cell,,,,,,,
GAGACTTAGCGCTGCT-1_1,Control,0.001,Ionocyte cell,,,,,,,
GAGAGGTCACAATGAA-1_24,COVID-19,0.001,Brush cell (Tuft cell),Ionocyte cell,Neuroendocrine cell,,,,,
GAGCTGCAGGCACAAC-1_6,Control,0.001,CD1C-CD141- dendritic cell,Ciliated cell,Ionocyte cell,Morula cell (Blastomere),,,,
GAGGGATCACACCGAC-1_6,Control,0.001,Ionocyte cell,Meiotic prophase fetal germ cell,Neural progenitor cell,,,,,
GAGGGTACATAGAAAC-1_22,COVID-19,0.001,Exhausted CD8+ T cell,Ionocyte cell,,,,,,
GAGGGTAGTCATAACC-1_3,Control,0.001,CD1C-CD141- dendritic cell,Ionocyte cell,Mitotic arrest phase fetal germ cell,,,,,
GAGTCATGTTGGGATG-1_21,COVID-19,0.001,Ionocyte cell,,,,,,,
GAGTCTACAAGTGCAG-1_5,Control,0.001,Ionocyte cell,,,,,,,
GAGTTACGTCCATACA-1_7,Control,0.001,CD1C-CD141- dendritic cell,Ciliated cell,Ionocyte cell,Meiotic prophase fetal germ cell,,,,
GATAGAACAGACCTGC-1_3,Control,0.001,Ionocyte cell,Liver bud hepatic cell,,,,,,
GATAGAACAGCTCATA-1_18,COVID-19,0.001,Cancer cell,Ionocyte cell,,,,,,
GATAGAATCGCCTTGT-1_13,COVID-19,0.001,Gonadal mitotic phase fetal germ cell,Ionocyte cell,Leydig precursor cell,Morula cell (Blastomere),,,,
GATCACATCTCCTGCA-1_18,COVID-19,0.001,CD1C-CD141- dendritic cell,Ciliated cell,Gonadal endothelial cell,Ionocyte cell,,,,
GATCAGTAGCTCAGAG-1_11,COVID-19,0.001,B cell,Exhausted CD4+ T cell,Exhausted CD8+ T cell,Ionocyte cell,Oogenesis phase fetal germ cell,,,
GATCAGTTCCCGGTAG-1_3,Control,0.001,Brush cell (Tuft cell),Ionocyte cell,Neuroendocrine cell,,,,,
GATCATGGTTGGGCCT-1_4,Control,0.001,Astrocyte,Ionocyte cell,,,,,,
GATCGTAAGGAAGTAG-1_12,COVID-19,0.001,CD4+ T cell,Endothelial cell,Ionocyte cell,,,,,
GATCGTAGTCGCATTA-1_6,Control,0.001,Brush cell (Tuft cell),CD1C-CD141- dendritic cell,Circulating fetal cell,Ionocyte cell,Neuroendocrine cell,,,
GATCGTAGTTTAGACC-1_23,COVID-19,0.001,AXL+SIGLEC6+ dendritic cell,CD4+ T cell,Ionocyte cell,,,,,
GATGAGGAGGGTAATT-1_20,COVID-19,0.001,Ionocyte cell,,,,,,,
GATGAGGCATCACGGC-1_13,COVID-19,0.001,CD4+ T cell,Gonadal endothelial cell,Ionocyte cell,Leydig precursor cell,Morula cell (Blastomere),,,
GATGCTAAGCAGCCTC-1_7,Control,0.001,Ionocyte cell,,,,,,,
GATTCTTGTGGACCTC-1_25,COVID-19,0.001,Granulocyte-monocyte progenitor,Ionocyte cell,,,,,,
GATTCTTGTGTCGCTG-1_13,COVID-19,0.001,Ionocyte cell,Leydig precursor cell,,,,,,
GATTTCTAGCACACAG-1_14,COVID-19,0.001,CD1C-CD141- dendritic cell,CD4+ T cell,Ionocyte cell,Meiotic prophase fetal germ cell,,,,
GCACGTGCACATTCGA-1_1,Control,0.001,Ionocyte cell,,,,,,,
GCACGTGTCATTGCCC-1_25,COVID-19,0.001,CD1C-CD141- dendritic cell,Ciliated cell,Embryonic stem cell,Ionocyte cell,,,,
GCAGCCACAGCATACT-1_21,COVID-19,0.002,Ionocyte cell,,,,,,,
GCCAGCAGTCTGTAGT-1_6,Control,0.001,Cancer stem cell,Circulating fetal cell,Ionocyte cell,Oligodendrocyte progenitor cell,,,,
GCCAGGTGTTGCCAAT-1_13,COVID-19,0.001,Ionocyte cell,Meiotic prophase fetal germ cell,,,,,,
GCCAGTGCAGATAAAC-1_17,COVID-19,0.001,Astrocyte,CD1C-CD141- dendritic cell,Ciliated cell,Ionocyte cell,,,,
GCCGATGCATCCTTGC-1_4,Control,0.001,Ionocyte cell,Meiotic prophase fetal germ cell,Multilymphoid progenitor cell,,,,,
GCGGATCCAATCGCCG-1_20,COVID-19,0.001,Ionocyte cell,,,,,,,
GCGTGCACAAGTGGGT-1_15,COVID-19,0.001,Ionocyte cell,,,,,,,
GCGTTTCGTCCGGACT-1_7,Control,0.001,B cell,Ionocyte cell,,,,,,
GCGTTTCTCGTTCTCG-1_7,Control,0.001,Brush cell (Tuft cell),Ionocyte cell,Liver bud hepatic cell,Neuroendocrine cell,,,,
GCTACAAGTGAATTAG-1_2,Control,0.001,Astrocyte,Ionocyte cell,,,,,,
GCTACCTCAAGAAACT-1_19,COVID-19,0.001,CD1C-CD141- dendritic cell,Gonadal endothelial cell,Ionocyte cell,,,,,
GCTGGGTAGGGCCAAT-1_11,COVID-19,0.001,Circulating fetal cell,Ionocyte cell,,,,,,
GGAACCCGTCGTCTCT-1_7,Control,0.001,Brush cell (Tuft cell),CD4+ T cell,Circulating fetal cell,Ionocyte cell,Meiotic prophase fetal germ cell,,,
GGAAGTGGTGAGTAGC-1_16,COVID-19,0.001,Brush cell (Tuft cell),Endothelial cell,Ionocyte cell,Neuroendocrine cell,,,,
GGAATGGAGGCGCTCT-1_26,COVID-19,0.001,Ionocyte cell,,,,,,,
GGAGATGCAATCGCCG-1_9,COVID-19,0.001,Astrocyte,CD4+ T cell,Ionocyte cell,,,,,
GGAGATGCAATTGCAC-1_23,COVID-19,0.001,Fibrocartilage chondrocyte,Ionocyte cell,,,,,,
GGAGGTATCTCCATAT-1_13,COVID-19,0.001,Ionocyte cell,,,,,,,
GGCTTTCAGGCGAAGG-1_13,COVID-19,0.001,Ionocyte cell,Leydig precursor cell,Morula cell (Blastomere),Oocyte,,,,
GGGACCTAGGGTCAAC-1_6,Control,0.001,Homeostatic chondrocyte,Ionocyte cell,,,,,,
GGGATGAGTTTCGTGA-1_25,COVID-19,0.001,Ionocyte cell,,,,,,,
GGGCTACCACTTGTGA-1_21,COVID-19,0.002,Embryonic stem cell,Ionocyte cell,,,,,,
GGGCTCACAGCACCCA-1_15,COVID-19,0.001,CD1C-CD141- dendritic cell,Ionocyte cell,,,,,,
GGGCTCAGTATAGCTC-1_5,Control,0.001,Fibrocartilage chondrocyte,Ionocyte cell,,,,,,
GGGCTCATCCACACAA-1_19,COVID-19,0.001,Ionocyte cell,,,,,,,
GGGTCTGGTTCGATTG-1_11,COVID-19,0.001,CD4+ T cell,Ionocyte cell,,,,,,
GGGTCTGTCTCGAACA-1_11,COVID-19,0.001,CD1C-CD141- dendritic cell,Ionocyte cell,Liver bud hepatic cell,Naive CD4+ T cell,,,,
GGTAACTTCTTCCTAA-1_11,COVID-19,0.001,CD1C-CD141- dendritic cell,Ionocyte cell,,,,,,
GGTCACGCAGCTGTTA-1_7,Control,0.001,Ionocyte cell,,,,,,,
GGTGGCTTCCGGACTG-1_25,COVID-19,0.001,Ionocyte cell,,,,,,,
GGTGGCTTCGGCTGAC-1_13,COVID-19,0.002,Ionocyte cell,,,,,,,
GGTGTCGCAGTTTCAG-1_5,Control,0.002,Ionocyte cell,,,,,,,
GGTGTTATCCACGAAT-1_20,COVID-19,0.001,Ionocyte cell,,,,,,,
GTAACACAGTTGTAGA-1_21,COVID-19,0.001,B cell,Ionocyte cell,Liver bud hepatic cell,Naive CD8+ T cell,,,,
GTAACCAGTATGGAGC-1_3,Control,0.001,Gonadal endothelial cell,Ionocyte cell,,,,,,
GTAAGTCTCAAGAAAC-1_23,COVID-19,0.001,Circulating fetal cell,Ionocyte cell,,,,,,
GTAATGCGTCAGACGA-1_2,Control,0.001,Fibrocartilage chondrocyte,Ionocyte cell,Meiotic prophase fetal germ cell,Mononuclear phagocyte,,,,
GTACAACAGACTTCCA-1_21,COVID-19,0.001,Ionocyte cell,,,,,,,
GTACAGTCACAACATC-1_15,COVID-19,0.001,Fibrocartilage chondrocyte,Ionocyte cell,,,,,,
GTAGGAGAGAGGTATT-1_13,COVID-19,0.001,Astrocyte,Ionocyte cell,Meiotic prophase fetal germ cell,Morula cell (Blastomere),,,,
GTAGGAGAGATGAAGG-1_1,Control,0.001,Ionocyte cell,,,,,,,
GTAGGTTGTGCCGGTT-1_7,Control,0.001,Exhausted CD4+ T cell,Ionocyte cell,Meiotic prophase fetal germ cell,,,,,
GTATTGGAGCAACTCT-1_5,Control,0.001,CD4+ T cell,Gonadal endothelial cell,Ionocyte cell,,,,,
GTATTGGAGGCGCTCT-1_2,Control,0.001,Ionocyte cell,,,,,,,
GTATTTCGTTACCTTT-1_16,COVID-19,0.001,CD1C-CD141- dendritic cell,Ionocyte cell,,,,,,
GTCAAACGTTACGGAG-1_20,COVID-19,0.001,CD1C-CD141- dendritic cell,Circulating fetal cell,Ionocyte cell,Naive CD4+ T cell,,,,
GTCACGGAGCGAGTAC-1_15,COVID-19,0.001,Exhausted CD4+ T cell,Ionocyte cell,,,,,,
GTCACTCAGAACTTCC-1_9,COVID-19,0.001,Ionocyte cell,Morula cell (Blastomere),,,,,,
GTCATGATCCGCGAGT-1_20,COVID-19,0.001,Brush cell (Tuft cell),Ionocyte cell,Neuroendocrine cell,,,,,
GTCCACTTCGACGCTG-1_24,COVID-19,0.002,Endothelial cell,Exhausted CD4+ T cell,Ionocyte cell,Oligodendrocyte progenitor cell,,,,
GTCCTCATCCCAGCGA-1_6,Control,0.001,B cell,Brush cell (Tuft cell),Circulating fetal cell,Ionocyte cell,Neuroendocrine cell,,,
GTCTAGAAGCCTGAGA-1_11,COVID-19,0.001,Ionocyte cell,Morula cell (Blastomere),,,,,,
GTCTAGAGTGCAGGAT-1_5,Control,0.001,Ionocyte cell,,,,,,,
GTCTTTAAGGTTTACC-1_3,Control,0.001,Granulocyte-monocyte progenitor,Ionocyte cell,,,,,,
GTGACGCTCCCTCTCC-1_11,COVID-19,0.002,Ionocyte cell,,,,,,,
GTGATGTGTACCCAGC-1_24,COVID-19,0.001,Ionocyte cell,Mitotic arrest phase fetal germ cell,,,,,,
GTGCACGTCGAGAATA-1_9,COVID-19,0.001,Ionocyte cell,,,,,,,
GTGCAGCTCCGGTTCT-1_9,COVID-19,0.001,Homeostatic chondrocyte,Ionocyte cell,,,,,,
GTGCTTCTCCGATAAC-1_17,COVID-19,0.001,Ciliated cell,Ionocyte cell,,,,,,
GTGGAAGCAGTAACAA-1_3,Control,0.001,CD1C-CD141- dendritic cell,Ionocyte cell,Liver bud hepatic cell,Mitotic arrest phase fetal germ cell,Oogenesis phase fetal germ cell,,,
GTGGAAGGTCTGTGCG-1_14,COVID-19,0.001,CD1C-CD141- dendritic cell,Ionocyte cell,Meiotic prophase fetal germ cell,Mitotic arrest phase fetal germ cell,,,,
GTGGCGTCACATGACT-1_25,COVID-19,0.001,Gonadal endothelial cell,Ionocyte cell,,,,,,
GTGTAACAGCTAAACA-1_13,COVID-19,0.001,Astrocyte,Ionocyte cell,,,,,,
GTGTTAGCATTATGCG-1_10,COVID-19,0.001,B cell,Ionocyte cell,Mitotic arrest phase fetal germ cell,,,,,
GTGTTAGTCATCCTGC-1_4,Control,0.001,B cell,Ionocyte cell,,,,,,
GTTACAGTCAAGTGGG-1_24,COVID-19,0.001,Gonadal endothelial cell,Ionocyte cell,,,,,,
GTTCCGTAGGAACGCT-1_23,COVID-19,0.001,Endothelial cell,Ionocyte cell,,,,,,
GTTCCGTTCACTCTTA-1_23,COVID-19,0.001,Ionocyte cell,,,,,,,
GTTCGCTCATGAAGCG-1_4,Control,0.001,Astrocyte,CD4+ T cell,Ionocyte cell,,,,,
GTTCTATAGGATGCGT-1_21,COVID-19,0.001,CD1C-CD141- dendritic cell,Exhausted CD4+ T cell,Fibrocartilage chondrocyte,Ionocyte cell,Mesenchymal stem cell,,,
GTTCTATCACTGTTCC-1_6,Control,0.001,Ionocyte cell,,,,,,,
GTTGAACCAACACGAG-1_9,COVID-19,0.001,B cell,Ionocyte cell,Morula cell (Blastomere),,,,,
GTTGTCCAGGTAGCAC-1_14,COVID-19,0.001,Ionocyte cell,Leydig precursor cell,Morula cell (Blastomere),,,,,
GTTGTGATCATTATCC-1_20,COVID-19,0.002,Ionocyte cell,,,,,,,
GTTGTGATCTACTCAT-1_5,Control,0.001,Ionocyte cell,,,,,,,
TAACACGAGGCGAAGG-1_17,COVID-19,0.001,Ionocyte cell,,,,,,,
TAACTTCTCATATGGC-1_6,Control,0.001,Ionocyte cell,Oligodendrocyte progenitor cell,,,,,,
TAAGCCATCTCGGCTT-1_3,Control,0.001,CD1C-CD141- dendritic cell,Ionocyte cell,,,,,,
TAAGCGTAGCTATCCA-1_11,COVID-19,0.001,Ionocyte cell,,,,,,,
TAAGTCGAGCCTGTGC-1_4,Control,0.001,CD1C-CD141- dendritic cell,Cancer stem cell,Ionocyte cell,Liver bud hepatic cell,,,,
TAAGTCGCACCGGTCA-1_13,COVID-19,0.001,Homeostatic chondrocyte,Ionocyte cell,,,,,,
TACAACGTCCAAGAGG-1_10,COVID-19,0.001,Exhausted CD4+ T cell,Gonadal endothelial cell,Homeostatic chondrocyte,Ionocyte cell,Leydig precursor cell,Neuroendocrine cell,,
TACAGGTCAAATGAAC-1_21,COVID-19,0.001,Astrocyte,Ionocyte cell,,,,,,
TACATTCAGGTCACAG-1_16,COVID-19,0.001,Ionocyte cell,Multilymphoid progenitor cell,,,,,,
TACATTCGTCTCCTGT-1_19,COVID-19,0.001,Gonadal endothelial cell,Ionocyte cell,Morula cell (Blastomere),,,,,
TACCCGTGTTTGGCTA-1_4,Control,0.001,B cell,Ciliated cell,Ionocyte cell,Leydig precursor cell,Mitotic arrest phase fetal germ cell,,,
TACCGAACAATGGGTG-1_23,COVID-19,0.002,Ionocyte cell,,,,,,,
TACCTCGGTGTCGCTG-1_14,COVID-19,0.001,Ionocyte cell,Leydig precursor cell,Mononuclear phagocyte,Morula cell (Blastomere),,,,
TACCTGCCAATGGCCC-1_7,Control,0.001,Astrocyte,CD1C-CD141- dendritic cell,CD4+ T cell,Ionocyte cell,,,,
TACCTGCTCTTTCGAT-1_18,COVID-19,0.001,Ionocyte cell,,,,,,,
TACGGGCAGCGCACAA-1_12,COVID-19,0.001,Cancer cell,Gonadal endothelial cell,Ionocyte cell,Meiotic prophase fetal germ cell,,,,
TACGTCCCAAGCACCC-1_16,COVID-19,0.001,Homeostatic chondrocyte,Ionocyte cell,Morula cell (Blastomere),,,,,
TACTTGTAGTTAACGA-1_3,Control,0.001,Ionocyte cell,Mitotic arrest phase fetal germ cell,Oocyte,Oogenesis phase fetal germ cell,,,,
TACTTGTTCACTTGGA-1_27,COVID-19,0.001,Ionocyte cell,Morula cell (Blastomere),,,,,,
TAGAGTCAGACAGCGT-1_4,Control,0.001,Ionocyte cell,,,,,,,
TAGCACACAGCGGTCT-1_1,Control,0.001,Ionocyte cell,,,,,,,
TAGGAGGAGTGACCTT-1_3,Control,0.001,CD141+CLEC9A+ dendritic cell,CD1C-CD141- dendritic cell,Ionocyte cell,,,,,
TAGGTTGAGGCACTCC-1_16,COVID-19,0.001,Brush cell (Tuft cell),Circulating fetal cell,Ionocyte cell,Neuroendocrine cell,,,,
TATACCTTCTTCGGAA-1_12,COVID-19,0.001,Gonadal mitotic phase fetal germ cell,Ionocyte cell,Morula cell (Blastomere),,,,,
TATCTGTCAGTGGTGA-1_25,COVID-19,0.002,Ionocyte cell,,,,,,,
TATCTGTTCAGGAAGC-1_3,Control,0.001,Brush cell (Tuft cell),Ionocyte cell,Mitotic arrest phase fetal germ cell,,,,,
TATCTTGCATGGATCT-1_21,COVID-19,0.001,Ionocyte cell,,,,,,,
TATTCCAAGCACGATG-1_5,Control,0.001,Ionocyte cell,,,,,,,
TCAAGCATCTGCAGCG-1_16,COVID-19,0.001,Astrocyte,B cell,Brush cell (Tuft cell),Circulating fetal cell,Homeostatic chondrocyte,Ionocyte cell,Morula cell (Blastomere),Neuroendocrine cell
TCACATTCACAGAGAC-1_9,COVID-19,0.001,Circulating fetal cell,Ionocyte cell,Neuroendocrine cell,Oogenesis phase fetal germ cell,,,,
TCACATTGTCCAACGC-1_20,COVID-19,0.001,Ciliated cell,Ionocyte cell,Mitotic arrest phase fetal germ cell,,,,,
TCACTCGCAAGACGGT-1_4,Control,0.001,Ionocyte cell,,,,,,,
TCAGGGCAGCCGATAG-1_3,Control,0.001,CD1C-CD141- dendritic cell,Ionocyte cell,,,,,,
TCAGGTAAGGCCTGCT-1_4,Control,0.001,CD1C-CD141- dendritic cell,Ciliated cell,Ionocyte cell,,,,,
TCAGGTACACGTCATA-1_23,COVID-19,0.001,Ionocyte cell,Liver bud hepatic cell,,,,,,
TCAGTGAAGCCTAGGA-1_21,COVID-19,0.001,Gonadal endothelial cell,Ionocyte cell,Leydig precursor cell,Meiotic prophase fetal germ cell,,,,
TCAGTGACAACTACGT-1_1,Control,0.001,B cell,Fibrocartilage chondrocyte,Ionocyte cell,,,,,
TCATACTGTGAGGAAA-1_26,COVID-19,0.001,Brush cell (Tuft cell),Ionocyte cell,Neuroendocrine cell,,,,,
TCATACTGTTCAAGGG-1_5,Control,0.001,AXL+SIGLEC6+ dendritic cell,Ionocyte cell,,,,,,
TCATGCCCATGTCGTA-1_4,Control,0.001,Brush cell (Tuft cell),Ionocyte cell,Neuroendocrine cell,,,,,
TCATGCCGTTAGAGAT-1_23,COVID-19,0.001,Ionocyte cell,,,,,,,
TCATTACAGATGGCGT-1_16,COVID-19,0.001,CD4+ T cell,Gonadal endothelial cell,Ionocyte cell,Meiotic prophase fetal germ cell,,,,
TCCACGTAGAAGGGAT-1_4,Control,0.001,Ionocyte cell,,,,,,,
TCCATCGCACAGTCGC-1_27,COVID-19,0.001,Exhausted CD8+ T cell,Ionocyte cell,,,,,,
TCCATGCAGGACGCTA-1_17,COVID-19,0.001,Ionocyte cell,,,,,,,
TCCCACATCTTCTCAA-1_26,COVID-19,0.001,B cell,Ionocyte cell,,,,,,
TCCCAGTTCGGTAAGG-1_13,COVID-19,0.001,CD4+ T cell,Ionocyte cell,Leydig precursor cell,Morula cell (Blastomere),,,,
TCCGATCGTTGCGAAG-1_4,Control,0.001,Ionocyte cell,,,,,,,
TCCGGGACATACCACA-1_23,COVID-19,0.001,Ionocyte cell,,,,,,,
TCCGTGTCAATTGTGC-1_18,COVID-19,0.001,Homeostatic chondrocyte,Ionocyte cell,,,,,,
TCCTTCTAGGTAACTA-1_20,COVID-19,0.001,Ionocyte cell,,,,,,,
TCCTTCTGTCTTGAAC-1_2,Control,0.001,Ionocyte cell,Morula cell (Blastomere),,,,,,
TCCTTCTTCCTCGCAT-1_26,COVID-19,0.001,Brush cell (Tuft cell),Ionocyte cell,Neuroendocrine cell,,,,,
TCGACCTTCTAACACG-1_6,Control,0.001,Ionocyte cell,,,,,,,
TCGCACTAGTTAGTAG-1_14,COVID-19,0.001,Ionocyte cell,,,,,,,
TCGCAGGTCTGGACTA-1_1,Control,0.001,Endothelial cell,Ionocyte cell,,,,,,
TCGCTCAGTAGGAAAG-1_18,COVID-19,0.001,Ciliated cell,Ionocyte cell,,,,,,
TCGCTTGCAAACGTGG-1_27,COVID-19,0.001,Exhausted CD8+ T cell,Ionocyte cell,,,,,,
TCGGATATCGAGATGG-1_3,Control,0.001,CD1C-CD141- dendritic cell,Ionocyte cell,,,,,,
TCGTAGATCGCGTGAC-1_3,Control,0.001,CD1C-CD141- dendritic cell,Ionocyte cell,Mitotic arrest phase fetal germ cell,,,,,
TCGTCCAGTACTGCCG-1_6,Control,0.001,Ionocyte cell,,,,,,,
TCGTCCAGTTCTCACC-1_9,COVID-19,0.001,Ionocyte cell,,,,,,,
TCGTGGGAGTATGGCG-1_3,Control,0.001,Ionocyte cell,Mitotic arrest phase fetal germ cell,,,,,,
TCTAACTCACGCTGTG-1_1,Control,0.001,Ciliated cell,Ionocyte cell,,,,,,
TCTACATTCAACTCTT-1_4,Control,0.001,Ionocyte cell,,,,,,,
TCTATACGTGAGTCAG-1_14,COVID-19,0.001,Ionocyte cell,,,,,,,
TCTCACGTCACATACG-1_15,COVID-19,0.001,Ionocyte cell,Liver bud hepatic cell,Neuroendocrine cell,,,,,
TCTCAGCGTCTCTCAC-1_23,COVID-19,0.001,Ionocyte cell,Meiotic prophase fetal germ cell,,,,,,
TCTCCGACAACAAAGT-1_18,COVID-19,0.001,Fibrocartilage chondrocyte,Ionocyte cell,,,,,,
TCTCTGGTCCTGTAAG-1_1,Control,0.002,Embryonic stem cell,Ionocyte cell,,,,,,
TCTGCCAAGTGCAGCA-1_5,Control,0.001,Ionocyte cell,,,,,,,
TCTTAGTCACAGAAGC-1_1,Control,0.001,Brush cell (Tuft cell),CD1C-CD141- dendritic cell,Ionocyte cell,Neuroendocrine cell,,,,
TCTTGCGGTGTGGACA-1_27,COVID-19,0.001,CD1C-CD141- dendritic cell,CD4+ T cell,Ionocyte cell,Mitotic arrest phase fetal germ cell,Morula cell (Blastomere),,,
TCTTGCGTCTACACAG-1_21,COVID-19,0.001,Ionocyte cell,,,,,,,
TCTTTGAAGGAAGTCC-1_6,Control,0.001,Brush cell (Tuft cell),CD1C-CD141- dendritic cell,Circulating fetal cell,Ionocyte cell,Liver bud hepatic cell,Neuroendocrine cell,,
TGAATGCCAAATGGCG-1_13,COVID-19,0.001,Ionocyte cell,Leydig precursor cell,Meiotic prophase fetal germ cell,Morula cell (Blastomere),,,,
TGACAGTAGAAATCCA-1_3,Control,0.001,Endothelial cell,Ionocyte cell,Meiotic prophase fetal germ cell,,,,,
TGACCCTAGGTGAGAA-1_5,Control,0.001,Ionocyte cell,Oocyte,,,,,,
TGACCCTCAGTAGTTC-1_3,Control,0.001,Ionocyte cell,Mitotic arrest phase fetal germ cell,Oogenesis phase fetal germ cell,,,,,
TGACGCGTCATCACAG-1_4,Control,0.001,Astrocyte,B cell,Gonadal endothelial cell,Ionocyte cell,,,,
TGAGACTAGGCGACAT-1_10,COVID-19,0.001,Gonadal endothelial cell,Ionocyte cell,Oligodendrocyte progenitor cell,,,,,
TGAGACTGTACCGTCG-1_8,COVID-19,0.001,CD1C-CD141- dendritic cell,Ionocyte cell,Liver bud hepatic cell,,,,,
TGAGACTGTTGGACCC-1_7,Control,0.001,Ionocyte cell,,,,,,,
TGAGCGCTCACACGAT-1_13,COVID-19,0.001,Ionocyte cell,Leydig precursor cell,,,,,,
TGAGGGACAGGCACAA-1_4,Control,0.001,B cell,CD1C-CD141- dendritic cell,Ionocyte cell,,,,,
TGATGGTTCCGGCTTT-1_7,Control,0.001,Brush cell (Tuft cell),CD1C-CD141- dendritic cell,Ionocyte cell,Neuroendocrine cell,,,,
TGATTCTCATCTGTTT-1_27,COVID-19,0.001,B cell,Endothelial cell,Ionocyte cell,,,,,
TGATTTCCATGGCCCA-1_14,COVID-19,0.001,CD1C-CD141- dendritic cell,Ionocyte cell,,,,,,
TGCACGGGTAACTTCG-1_14,COVID-19,0.001,Circulating fetal cell,Gonadal endothelial cell,Homeostatic chondrocyte,Ionocyte cell,,,,
TGCAGATAGGCATCAG-1_19,COVID-19,0.001,Astrocyte,Brush cell (Tuft cell),CD1C-CD141- dendritic cell,Ionocyte cell,Neuroendocrine cell,,,
TGCAGATGTAGATTAG-1_25,COVID-19,0.002,Circulating fetal cell,Exhausted CD8+ T cell,Ionocyte cell,,,,,
TGCAGGCTCAGAGTTC-1_25,COVID-19,0.001,Astrocyte,B cell,Fibrocartilage chondrocyte,Ionocyte cell,,,,
TGCATGATCTCTGGTC-1_1,Control,0.001,CD1C-CD141- dendritic cell,Ionocyte cell,,,,,,
TGCGGGTGTATCGAGG-1_20,COVID-19,0.001,CD4+ T cell,Ionocyte cell,,,,,,
TGCTCCAAGTAGTCTC-1_1,Control,0.001,Granulocyte-monocyte progenitor,Ionocyte cell,,,,,,
TGCTGAACACCCAACG-1_25,COVID-19,0.002,Gonadal endothelial cell,Ionocyte cell,,,,,,
TGGAACTAGGGTTGCA-1_7,Control,0.001,AXL+SIGLEC6+ dendritic cell,B cell,Brush cell (Tuft cell),CD1C-CD141- dendritic cell,Exhausted CD4+ T cell,Ionocyte cell,Neuroendocrine cell,
TGGAACTCAAGTTCGT-1_3,Control,0.001,CD1C-CD141- dendritic cell,Ionocyte cell,,,,,,
TGGAACTGTTTACGAC-1_13,COVID-19,0.001,B cell,Homeostatic chondrocyte,Ionocyte cell,Morula cell (Blastomere),,,,
TGGAGGAAGGGCAAGG-1_15,COVID-19,0.001,Ionocyte cell,Liver bud hepatic cell,,,,,,
TGGATCAGTTAGGACG-1_11,COVID-19,0.001,Ionocyte cell,,,,,,,
TGGGAGATCACACCGG-1_27,COVID-19,0.001,CD4+ T cell,Homeostatic chondrocyte,Ionocyte cell,,,,,
TGGGTTATCACTGTCC-1_6,Control,0.001,Brush cell (Tuft cell),CD4+ T cell,Fibrocartilage chondrocyte,Ionocyte cell,Neuroendocrine cell,,,
TGGTAGTCAGTCGCAC-1_7,Control,0.001,Brush cell (Tuft cell),Ionocyte cell,Liver bud hepatic cell,,,,,
TGTAACGAGACCGCCT-1_1,Control,0.001,CD4+ T cell,Ionocyte cell,Meiotic prophase fetal germ cell,,,,,
TGTACAGCAGAGGGTT-1_20,COVID-19,0.001,Ionocyte cell,Neuroendocrine cell,,,,,,
TGTCCCATCAGCTTCC-1_3,Control,0.001,CD1C-CD141- dendritic cell,Ionocyte cell,Mitotic arrest phase fetal germ cell,,,,,
TGTGATGCAATAGTAG-1_4,Control,0.001,Ionocyte cell,,,,,,,
TGTTACTAGCTTAGTC-1_3,Control,0.001,Ionocyte cell,Oogenesis phase fetal germ cell,,,,,,
TGTTACTTCGGAGCAA-1_1,Control,0.001,Brush cell (Tuft cell),Ionocyte cell,Neuroendocrine cell,,,,,
TGTTACTTCTTAGCCC-1_21,COVID-19,0.001,Brush cell (Tuft cell),Gonadal endothelial cell,Ionocyte cell,Neuroendocrine cell,,,,
TGTTCATTCTCGGCTT-1_9,COVID-19,0.001,CD1C-CD141- dendritic cell,Ionocyte cell,,,,,,
TGTTCTATCTTAGTTC-1_1,Control,0.001,Ionocyte cell,Meiotic prophase fetal germ cell,,,,,,
TGTTGAGGTACGCGTC-1_26,COVID-19,0.001,B cell,CD4+ T cell,Ionocyte cell,,,,,
TGTTGAGGTCTGTAGT-1_25,COVID-19,0.002,Ionocyte cell,,,,,,,
TGTTGGAAGATTCGAA-1_5,Control,0.001,Ionocyte cell,,,,,,,
TTACAGGAGTAACGAT-1_13,COVID-19,0.001,Ionocyte cell,,,,,,,
TTACAGGCAAATTGGA-1_21,COVID-19,0.001,CD4+ T cell,Homeostatic chondrocyte,Ionocyte cell,Meiotic prophase fetal germ cell,,,,
TTACCATTCTTCGCTG-1_5,Control,0.001,Astrocyte,Cancer cell,Ionocyte cell,Morula cell (Blastomere),,,,
TTACCGCTCTTGAACG-1_9,COVID-19,0.001,CD1C-CD141- dendritic cell,Ciliated cell,Ionocyte cell,Mitotic arrest phase fetal germ cell,,,,
TTACGCCTCTTTCCAA-1_10,COVID-19,0.001,CD4+ T cell,Homeostatic chondrocyte,Ionocyte cell,,,,,
TTACTGTGTCCACGCA-1_1,Control,0.001,Brush cell (Tuft cell),CD1C-CD141- dendritic cell,Cancer cell,Ionocyte cell,,,,
TTAGTCTAGACCGCCT-1_3,Control,0.001,CD1C-CD141- dendritic cell,Ionocyte cell,,,,,,
TTATTGCCAATAGGGC-1_12,COVID-19,0.001,Ionocyte cell,,,,,,,
TTCAATCTCCGTGACG-1_9,COVID-19,0.001,Ionocyte cell,,,,,,,
TTCAGGAGTGCCAAGA-1_14,COVID-19,0.001,Brush cell (Tuft cell),CD4+ T cell,Endothelial cell,Ionocyte cell,Neuroendocrine cell,,,
TTCATGTAGTGCTCAT-1_20,COVID-19,0.001,Embryonic stem cell,Ionocyte cell,,,,,,
TTCATGTGTACCAATC-1_3,Control,0.001,Ionocyte cell,,,,,,,
TTCATGTTCACAGAGG-1_9,COVID-19,0.001,AXL+SIGLEC6+ dendritic cell,CD1C-CD141- dendritic cell,Ionocyte cell,,,,,
TTCATTGTCCGTGGTG-1_1,Control,0.001,Ionocyte cell,,,,,,,
TTCCAATAGTAAACGT-1_27,COVID-19,0.004,CD141+CLEC9A+ dendritic cell,CD1C-CD141- dendritic cell,Ionocyte cell,Liver bud hepatic cell,,,,
TTCCGGTCAACTGCTA-1_27,COVID-19,0.001,Ionocyte cell,,,,,,,
TTCCTAAAGACTTCCA-1_17,COVID-19,0.001,B cell,CD4+ T cell,Ionocyte cell,,,,,
TTCGATTGTATTGCCA-1_7,Control,0.001,Ionocyte cell,Morula cell (Blastomere),,,,,,
TTCGCTGCATGGCCCA-1_9,COVID-19,0.001,Exhausted CD8+ T cell,Ionocyte cell,Microglial cell,Mitotic fetal germ cell,Morula cell (Blastomere),Oogenesis phase fetal germ cell,,
TTCGGTCCAACACAGG-1_1,Control,0.001,Astrocyte,Brush cell (Tuft cell),Ionocyte cell,Liver bud hepatic cell,,,,
TTCGGTCCACCGTACG-1_14,COVID-19,0.001,Astrocyte,Ionocyte cell,,,,,,
TTCTGTAAGTCATACC-1_2,Control,0.001,Cancer cell,Fibrocartilage chondrocyte,Ionocyte cell,,,,,
TTCTTGATCGGCTTCT-1_12,COVID-19,0.001,Astrocyte,Brush cell (Tuft cell),Ionocyte cell,Neuroendocrine cell,,,,
TTGAACGAGTCTAGCT-1_1,Control,0.001,Brush cell (Tuft cell),Ionocyte cell,Meiotic prophase fetal germ cell,Neuroendocrine cell,,,,
TTGACCCGTAGGTACG-1_10,COVID-19,0.001,CD1C-CD141- dendritic cell,CD4+ T cell,Ionocyte cell,Liver bud hepatic cell,,,,
TTGACCCTCGCAGAGA-1_2,Control,0.001,Brush cell (Tuft cell),Ionocyte cell,Neuroendocrine cell,,,,,
TTGAGTGCAGGTACGA-1_20,COVID-19,0.001,Ionocyte cell,,,,,,,
TTGATGGGTCTCACGG-1_15,COVID-19,0.001,B cell,Brush cell (Tuft cell),CD1C-CD141- dendritic cell,Gonadal endothelial cell,Ionocyte cell,Liver bud hepatic cell,Neuroendocrine cell,
TTGCATTCAGGGAATC-1_16,COVID-19,0.001,CD1C-CD141- dendritic cell,Gonadal endothelial cell,Ionocyte cell,,,,,
TTGCCTGGTTATGGTC-1_1,Control,0.001,Ionocyte cell,Oligodendrocyte progenitor cell,,,,,,
TTGCTGCCAAGGCTTT-1_1,Control,0.001,Ionocyte cell,,,,,,,
TTGGGCGCAAAGCGTG-1_3,Control,0.001,Ionocyte cell,Meiotic prophase fetal germ cell,,,,,,
TTGGTTTCACAGTGTT-1_3,Control,0.001,CD1C-CD141- dendritic cell,Ciliated cell,Ionocyte cell,Mitotic arrest phase fetal germ cell,Morula cell (Blastomere),,,
TTGTGGAGTTATGGTC-1_2,Control,0.001,Ciliated cell,Ionocyte cell,Mitotic arrest phase fetal germ cell,,,,,
TTGTGTTCAATATCCG-1_5,Control,0.001,Brush cell (Tuft cell),Ciliated cell,Ionocyte cell,Liver bud hepatic cell,Morula cell (Blastomere),Neuroendocrine cell,,
TTTACCAAGTCCCGAC-1_3,Control,0.001,B cell,Brush cell (Tuft cell),Ionocyte cell,Meiotic prophase fetal germ cell,,,,
TTTACCATCTATTCGT-1_1,Control,0.001,CD4+ T cell,Cancer cell,Circulating fetal cell,Ionocyte cell,,,,
TTTACTGTCCATTGTT-1_15,COVID-19,0.001,Ionocyte cell,,,,,,,
TTTCAGTGTTGCAACT-1_3,Control,0.001,Granulocyte-monocyte progenitor,Ionocyte cell,,,,,,
TTTGACTGTACTGACT-1_25,COVID-19,0.001,Astrocyte,B cell,Gonadal endothelial cell,Ionocyte cell,,,,
TTTGATCAGAAGTATC-1_9,COVID-19,0.001,CD1C-CD141- dendritic cell,Fibrocartilage chondrocyte,Ionocyte cell,,,,,
TTTGATCAGTTGTACC-1_3,Control,0.001,Ionocyte cell,Naive CD4+ T cell,Oogenesis phase fetal germ cell,,,,,
TTTGATCCAACTACGT-1_9,COVID-19,0.001,Gonadal endothelial cell,Ionocyte cell,,,,,,
TTTGGTTCATAAGCAA-1_19,COVID-19,0.001,Ionocyte cell,,,,,,,
TTTGGTTTCGGCAGTC-1_6,Control,0.001,B cell,Ionocyte cell,Oligodendrocyte progenitor cell,,,,,
